,Total,TD_Min,TD_Mean,TD_Max
0,1.5276681062012585,1.3774981264616526,1.1748862929687955,0.9588382504833884
