,Total,TD_Min,TD_Mean,TD_Max
0,4.417844192419936,3.9826855517521262,3.3957286606384494,2.7700835889107536
