,Implementation,Maintenance,Oportunity,Transaction,Platform,Benefit,Total
0,-5652283.770651117,-8064853.578609208,-1122203.9568509927,-2967868.261222264,-1552617.5537151657,65740719.81995078,46380892.69890204
